{"_timestamp":1.777367997303492e+09,"_step":2540,"train/ce_hi_T":0.9453125,"train_runtime":22857.7607,"train_samples_per_second":0.07,"train/distill_loss":0.0615234375,"train/ce_gap":0.04296875,"_wandb":{"runtime":22856},"train/learning_rate":0,"train/T_lo":1,"train/grad_norm":0.69140625,"train/epoch":1,"train/kl_anchor":0.12451171875,"train/margin_loss":0.06298828125,"train/loss":1.4668,"train/ce_lo_T":0.90234375,"train/T_hi":4,"train_steps_per_second":0.009,"_runtime":22856,"total_flos":0,"train/global_step":200,"train_loss":1.73650390625}