{"train/kl_anchor":0.0009613037109375,"train/epoch":1,"_wandb":{"runtime":179},"_runtime":179,"train/global_step":400,"_timestamp":1.7772898214146683e+09,"_step":3}