{"train/epoch":0.5666666666666667,"_timestamp":1.7772740199047954e+09,"train/global_step":170,"train/grad_norm":1.046875,"train/loss":1.2952,"_runtime":6760,"_step":33,"_wandb":{"runtime":6760},"train/learning_rate":9.418551710895243e-05}