{"train/epoch":0.2125,"_timestamp":1.7772768607983756e+09,"train/learning_rate":4.732314645373921e-05,"_step":16,"train/global_step":85,"train/grad_norm":0.65234375,"_wandb":{"runtime":2336},"_runtime":2336,"train/loss":1.8766}