{"_step":4,"_timestamp":1.7772311008014991e+09,"train/epoch":0.5,"train/grad_norm":4.9375,"train/loss":22.2624,"train/learning_rate":0.000138268343236509,"_runtime":9,"_wandb":{"runtime":9},"train/global_step":5}